Timestamp,Which month have you been selected to show at?,What is the title of your project,How is the title of your project pronounced?,"What are the names, name pronunciations, and pronouns of the developers you want credited during announcements?",Game Description for Website,Promotional Image,Call to action link,Call to action text,Additional Links or Social Media Handles,Developer Name,Game Description for Info Sheet,Developer Bio for Info Sheet
8/11/2026 14:43:52,September,Sghetti Fighter,Sket-tee fight-ter,Freddy Sghetti,"A traditional 1v1 indie fighter that takes place in the Sghetti Comic Universe. Play as characters from The Sauce Monsters, and Freddy Sghetti, with more characters coming soon! Combos, air fighting, and special moves make this a full featured fighter. Play online with friends too! Demo available on Steam now!",https://drive.google.com/open?id=1b1Zyua8agr2ipiLdKDQGLbdGfk10Fmzo,https://store.steampowered.com/app/4415820/Sghetti_Fighter/,Wishlist Now,https://www.instagram.com/freddysghetti/,Freddy Sghetti,,"Freddy Sghetti is a local artist and game developer, and is currently developing a series of zines and comic books(The Sauce Monsters). Freddy is involved in multiple Austin art communities. After going on a side-quest to create Sghetti Fighter, he met the nice folks at the IGDA, and here we are!"
8/12/2026 9:05:09,August,Letter Lost,Let - ter Lost,"Jackson Wagner (He/Him), Bailey Wagner (She/Her), Harrison Wade (He/Him)","You’re the sole employee at the Kharnym Isle post office, stamping, sorting, and delivering mail. But the job hides secrets, and the office itself holds mysteries you must uncover. This will be the only job you’ll ever need to work… unless you can escape.",https://drive.google.com/open?id=19FmEAUAEUVQTJUjmMTDuFplRzBt6dJGt,https://store.steampowered.com/app/3624790/Letter_Lost/,Play Now,https://bsky.app/profile/did:plc:kb3sjrrxwkaiicuawkoqbslf,FlatNine Games,,"Core Team:
**Harrison Wade**
Harrison is Letter Lost’s Founder and Composer. Harrison worked as a music director/pianist in New York City before moving to Minneapolis in 2014. He now helps run a theatre production company and fine arts center with his wife Christine.

**Jackson Wagner**
Jackson is our Lead Programmer and Designer. 
Beginning in 2019, Jackson worked as a Game Designer for the indie tactical-turned-based RPG, Wildermyth. 

**Bailey Wagner** 
Bailey is our Lead 2D Artist and Writer. She studied Video Game Development at St. Edward’s University before going on to work with the Wildermyth team as their social media manager. "
8/12/2026 18:47:49,August,STREET UNi X,Street you knee ecks,daffodil (they/them) [daff oh dill] or [daff uh dill],"Classic EXTREME sports at their best: on ONE WHEEL! Perform unicycle stunts and combos with style, smash goals, unlock new levels, characters, cheats, and more! REAL uni pros, REAL uni tricks, REAL underground jams, and REAL retro play that begs for one more run!",https://drive.google.com/open?id=1vOg1CVo8wIRJI31s2A2hdcZYB2A7lDSo,https://www.nintendo.com/us/store/products/street-uni-x-switch/,Play Now,https://daff.space,daffodil & friends,,"daffodil & friends is a studio encompassing video game developer daffodil, and their creative community of musicians, artists, sound designers, and everything in between. daffodil & friends embodies the projects spearheaded by daffodil which loop in connections to daffodil's interests, friends, peers, local neighbourhood, community members, and anyone who happens to step up to collaborating in any capacity on a given project. Basically daffodil & friends is the studio where stuff is made by daffodil and their friends."
8/19/2026 10:49:35,August,Fractured Hearts,Frack-sured Harts,Nikki (she/her),"In a futuristic world where robots perform advanced surgery, a young man enters college determined to become an open-heart surgeon and avenge his parents’ deaths. Along the way, he meets two friends who challenge his views on revenge, life, and what it truly means to save someone.",https://drive.google.com/open?id=1mvHsSMC3mywrafbKtC7mhszfAittuVat,https://technichality.itch.io/fractured-hearts,Play Now,,"Technichality (Yes, two H’s)","In a futuristic world where robots perform advanced surgery, a young man enters college determined to become an open-heart surgeon and avenge his parents’ deaths. Along the way, he meets two friends who challenge his views on revenge, life, and what it truly means to save someone.",Solo dev who makes games for fun with a focus on art
8/21/2026 10:18:37,August,Horseplay,Horseplay,Hunter J Allen (he/him),A Lesbian Horse Basketball Tabletop Game,https://drive.google.com/open?id=1SNES25iA4l95FUnLdU5v3CN80XUeTXNf,https://hunterjallen.itch.io/,Follow For Updates,,Hunter J Allen,"A sequel to a game based on a twitter thread based on a game based on real horses :) Break  hearts and records, shoot for the stars and the basket, and carry your team to victory in this crokinole-esque ttrpg.",Making games and zines for freaks and fiends :)
8/23/2026 10:13:09,September,EGaDS! Mega Micro Jam 2025,pronounced the way it is spelled (ignoring punctation),"Annabelle Kim (she/her), Joshua James (he/him), Zoe Yu (she/her), Aadi Takle (he/him), and various other members of EGaDS!","Created in December by various members of our student organization, this Mega Micro Jam takes several submitted minigames and compiles them into a WarioWare-esque title free-to-play on itch.io!",https://drive.google.com/open?id=1ikwG9LQhW2D30CvFF6RfV0k_Ujp5ZGBs,https://egads-austin.itch.io/egads-mega-micro-jam-2025,Play Now,https://www.instagram.com/egadsaustin/,Students and members of EGaDS!,,"Various students from programming, art, and music disciplines, we each individually produced small minigames to be compiled into a WarioWare-esque game during our Winter Break at UT Austin!"
8/26/2026 11:20:57,September,Equilibrium,Equilibrium,"Daniel he/him, Knox he/him, Sammy she/they, Eva she/her, Jolene she/her, Wes he/him, Mathew he/him",Try and platform your way to the exit door while the whole room constantly turns on you! This 2d puzzle platformer will test your reflexes and puzzle solving skills in real time as you rotate the room to reach the end.,https://drive.google.com/open?id=1ghX4O6VP8LMZ6HG967IkeAzah7oO2KkW,https://danyboy1023.itch.io/equilibrium,Play Now,,Atomic Skelletons,Try and platform your way to the exit door while the whole room constantly turns on you! This 2d puzzle platformer will test your reflexes and puzzle solving skills in real time as you rotate the room to reach the end.,Atomic Skeletons is a team of St. Edward's students that won the first Hilltop Game Developer Club Game Jam during the spring of 2025 with this game. We've worked on several game jams since and even more projects for our program. Increasing our skills and knowledge on the game design and developing process.
8/26/2026 11:51:42,September,Tapestry,Tape(like duct tape)-estry(like the end part of ancestry) ,Alex Huang (Hw-ah-ng) (he/him),"A solo-developed game originally made for Global Game Jam 2026 about using negative space to create art. Use various household objects to form paintings in unconventional ways and match examples of art as closely as possible. 

Each level will feature rooms within a mysterious house that reveal more about these paintings and where you are. Complete each level as you gain access to more tools and the examples get more difficult.",https://drive.google.com/open?id=1fGNJCrdNhwCnH9NGg0c-xf0Bb_gXI9zb,https://alex-huang.itch.io/tapestry,"If you want more, let me know!",,ralpphdev,,"Hi, I'm Alex. I currently work as a software developer at Unity, but I started off as a Unity indie dev before and during college. I love making puzzle games like Tapestry and have a particular interest in using art and animation as ways to create small but complex experiences quickly. If you want to check out my work, the best place to do it is my itch.io account. "
9/8/2026 2:40:08,September,Cute Patoots,KyOOt Puh-TOOTs,Patrix (patricks) he/they,"Explore a world where cute meets danger! Cute Patoots is an action-packed adventure with colorful characters, cozy stages, and silly mysteries! Inspired by classic game series like Mega Man and Kirby, this platform shooter is so cute you could die!",https://drive.google.com/open?id=1m5yEDUIfEz5lPDFs3nVpK37HTDWtGvBW,https://store.steampowered.com/app/3416360/Cute_Patoots/,Wishlist Now,okipokigames.com,OKiPOKiGAMES,,"Making indie games by moonlight and designing learning experiences by daylight, Patrix is always looking for new games, experiences, and peripherals."